Correlations,"Agriculture, forestry & fishing",Mining & quarrying,Manufacturing,"Electricity, gas ,water supply & utility",Construction,"Trade, hotels, transport, communication and services related to broadcasting ","Financial,  real estate  &  professional  services ","Public administration, defence  and Other Services"
pearson,0.7513579885526598,0.5540631423355245,0.927908669070765,0.9620129479682417,0.8813995552692732,0.9228416645601263,0.856820645168577,0.955163390227714
spearman,0.7476748003063792,0.5211729948572054,0.9166210745158112,0.9533865849655324,0.8811686180107233,0.920122551701499,0.8711018711018711,0.9531677426414268
