Year,Open
2011,21253.66651
2012,22039.27015
2013,23842.46102
2014,31676.44594
2015,32142.08527
2016,33646.4284
2017,41299.82752
2018,44724.58895
2019,44070.73895
2020,10925.74501
