Year,Open
2011,72950.96166
2012,75013.96022
2013,83357.22729
2014,110084.8485
2015,108448.8514
2016,112689.327
2017,133380.7789
2018,147659.1641
2019,160177.2292
2020,73468.44893
