Correlations,"Agriculture, forestry & fishing",Mining & quarrying,Manufacturing,"Electricity, gas ,water supply & utility",Construction,"Trade, hotels, transport, communication and services related to broadcasting ","Financial,  real estate  &  professional  services ","Public administration, defence  and Other Services"
pearson,0.3940875787406939,0.5643174263823031,0.8962851013929529,0.9391894246409779,0.7335219784307421,0.8714216529601772,0.8010515286214409,0.9425285590453734
spearman,0.39927782033045195,0.5472152314257577,0.871539555750082,0.932815406499617,0.8452784768574242,0.8599409125724916,0.8268957216325638,0.9411314148156255
